{
    "300002": {
        "8": {
            "Longitude": 30.0, 
            "RotationY": 120.0, 
            "SunColor": {
                "__tuple__": true, 
                "items": [
                    232.00000137090683, 
                    245.00000059604645, 
                    184.00000423192978
                ]
            }, 
            "SunColorIntensity": 8.5, 
            "time": 8.0
        }
    }
}